timestamp,method,feature,time,status
"2023-05-15 11:41:36.525","GET","/any/peep/list","41","200 OK"
"2023-05-15 11:41:38.268","GET","/any/peep/publish","16","200 OK"
"2023-05-15 11:41:40.606","POST","/any/peep/publish","52","200 OK"
"2023-05-15 11:41:41.069","GET","/any/peep/list","31","200 OK"
"2023-05-15 11:41:41.265","GET","/any/peep/list","18","200 OK"
"2023-05-15 11:41:42.843","GET","/any/peep/show","14","200 OK"
"2023-05-15 11:41:44.446","GET","/any/peep/list","17","200 OK"
"2023-05-15 11:41:45.176","GET","/any/peep/publish","11","200 OK"
"2023-05-15 11:41:46.446","POST","/any/peep/publish","20","200 OK"
"2023-05-15 11:41:46.707","GET","/any/peep/list","13","200 OK"
"2023-05-15 11:41:47.705","GET","/any/peep/list","17","200 OK"
"2023-05-15 11:41:48.799","GET","/any/peep/show","10","200 OK"
"2023-05-15 11:41:50.367","GET","/any/peep/list","18","200 OK"
"2023-05-15 11:41:51.122","GET","/any/peep/publish","8","200 OK"
"2023-05-15 11:41:52.526","POST","/any/peep/publish","21","200 OK"
"2023-05-15 11:41:52.806","GET","/any/peep/list","15","200 OK"
"2023-05-15 11:41:53.755","GET","/any/peep/list","18","200 OK"
"2023-05-15 11:41:54.867","GET","/any/peep/show","9","200 OK"
"2023-05-15 11:41:57.725","GET","/any/peep/list","17","200 OK"
"2023-05-15 11:41:58.502","GET","/any/peep/publish","11","200 OK"
"2023-05-15 11:41:59.798","POST","/any/peep/publish","17","200 OK"
"2023-05-15 11:42:00.102","GET","/any/peep/list","17","200 OK"
"2023-05-15 11:42:00.589","GET","/any/peep/list","14","200 OK"
"2023-05-15 11:42:01.745","GET","/any/peep/show","10","200 OK"
"2023-05-15 11:42:04.009","GET","/any/peep/list","15","200 OK"
"2023-05-15 11:42:04.843","GET","/any/peep/publish","10","200 OK"
"2023-05-15 11:42:06.151","POST","/any/peep/publish","15","200 OK"
"2023-05-15 11:42:06.427","GET","/any/peep/list","15","200 OK"
"2023-05-15 11:42:06.942","GET","/any/peep/list","12","200 OK"
"2023-05-15 11:42:08.179","GET","/any/peep/show","17","200 OK"
"2023-05-15 11:42:09.715","GET","/any/peep/list","15","200 OK"
"2023-05-15 11:42:10.904","GET","/any/peep/publish","8","200 OK"
"2023-05-15 11:42:12.129","POST","/any/peep/publish","15","200 OK"
"2023-05-15 11:42:12.434","GET","/any/peep/list","16","200 OK"
"2023-05-15 11:42:13.34","GET","/any/peep/list","13","200 OK"
"2023-05-15 11:42:14.099","GET","/any/peep/publish","4","200 OK"
"2023-05-15 11:42:15.305","POST","/any/peep/publish","29","200 OK"
"2023-05-15 11:42:15.573","GET","/any/peep/list","12","200 OK"
"2023-05-15 11:42:16.508","GET","/any/peep/list","16","200 OK"
"2023-05-15 11:42:17.659","GET","/any/peep/show","9","200 OK"
"2023-05-15 11:42:19.909","GET","/any/peep/list","15","200 OK"
"2023-05-15 11:42:21.123","GET","/any/peep/publish","11","200 OK"
"2023-05-15 11:42:22.678","POST","/any/peep/publish","17","200 OK"
"2023-05-15 11:42:22.914","GET","/any/peep/list","10","200 OK"
"2023-05-15 11:42:23.875","GET","/any/peep/list","15","200 OK"
"2023-05-15 11:42:25.0","GET","/any/peep/show","6","200 OK"
"2023-05-15 11:42:26.488","GET","/any/peep/list","14","200 OK"
"2023-05-15 11:42:27.214","GET","/any/peep/publish","8","200 OK"
"2023-05-15 11:42:28.417","POST","/any/peep/publish","22","200 OK"
"2023-05-15 11:42:28.702","GET","/any/peep/list","16","200 OK"
"2023-05-15 11:42:29.164","GET","/any/peep/list","14","200 OK"
"2023-05-15 11:42:30.383","GET","/any/peep/show","8","200 OK"
"2023-05-15 11:42:31.866","GET","/any/peep/list","18","200 OK"
"2023-05-15 11:42:32.657","GET","/any/peep/publish","8","200 OK"
"2023-05-15 11:42:33.877","POST","/any/peep/publish","17","200 OK"
"2023-05-15 11:42:34.185","GET","/any/peep/list","15","200 OK"
"2023-05-15 11:42:34.676","GET","/any/peep/list","13","200 OK"
"2023-05-15 11:42:35.804","GET","/any/peep/show","10","200 OK"
"2023-05-15 11:42:37.278","GET","/any/peep/list","14","200 OK"
"2023-05-15 11:42:38.064","GET","/any/peep/publish","10","200 OK"
"2023-05-15 11:42:39.33","POST","/any/peep/publish","28","200 OK"
"2023-05-15 11:42:39.624","GET","/any/peep/list","14","200 OK"
"2023-05-15 11:42:40.058","GET","/any/peep/list","14","200 OK"
"2023-05-15 11:42:41.262","GET","/any/peep/list","12","200 OK"
"2023-05-15 11:42:42.045","GET","/any/peep/publish","8","200 OK"
"2023-05-15 11:42:43.305","POST","/any/peep/publish","25","200 OK"
"2023-05-15 11:42:43.601","GET","/any/peep/list","17","200 OK"
"2023-05-15 11:42:44.054","GET","/any/peep/list","10","200 OK"
"2023-05-15 11:42:45.227","GET","/any/peep/show","6","200 OK"
"2023-05-15 11:42:46.666","GET","/any/peep/list","16","200 OK"
"2023-05-15 11:42:47.448","GET","/any/peep/publish","4","200 OK"
"2023-05-15 11:42:48.736","POST","/any/peep/publish","25","200 OK"
"2023-05-15 11:42:49.034","GET","/any/peep/list","15","200 OK"
"2023-05-15 11:42:49.491","GET","/any/peep/list","12","200 OK"
"2023-05-15 11:42:50.65","GET","/any/peep/show","12","200 OK"
"2023-05-15 11:42:52.11","GET","/any/peep/list","15","200 OK"
"2023-05-15 11:42:52.884","GET","/any/peep/publish","6","200 OK"
"2023-05-15 11:42:54.144","POST","/any/peep/publish","17","200 OK"
"2023-05-15 11:42:54.417","GET","/any/peep/list","19","200 OK"
"2023-05-15 11:42:55.376","GET","/any/peep/list","12","200 OK"
"2023-05-15 11:42:57.033","GET","/any/peep/show","9","200 OK"
"2023-05-15 11:42:58.505","GET","/any/peep/list","9","200 OK"
"2023-05-15 11:42:59.296","GET","/any/peep/publish","4","200 OK"
"2023-05-15 11:43:00.537","POST","/any/peep/publish","12","200 OK"
"2023-05-15 11:43:00.836","GET","/any/peep/list","15","200 OK"
"2023-05-15 11:43:01.257","GET","/any/peep/list","10","200 OK"
"2023-05-15 11:43:02.438","GET","/any/peep/show","7","200 OK"
"2023-05-15 11:43:03.887","GET","/any/peep/list","14","200 OK"
"2023-05-15 11:43:04.674","GET","/any/peep/publish","10","200 OK"
"2023-05-15 11:43:05.992","POST","/any/peep/publish","30","200 OK"
"2023-05-15 11:43:06.234","GET","/any/peep/list","10","200 OK"
"2023-05-15 11:43:07.198","GET","/any/peep/list","13","200 OK"
"2023-05-15 11:43:09.648","GET","/any/peep/list","12","200 OK"
"2023-05-15 11:43:10.851","GET","/any/peep/publish","6","200 OK"
"2023-05-15 11:43:12.064","POST","/any/peep/publish","23","200 OK"
"2023-05-15 11:43:12.341","GET","/any/peep/list","11","200 OK"
"2023-05-15 11:43:13.284","GET","/any/peep/list","13","200 OK"
"2023-05-15 11:43:15.041","GET","/any/peep/show","6","200 OK"
"2023-05-15 11:43:16.5","GET","/any/peep/list","12","200 OK"
"2023-05-15 11:43:17.702","GET","/any/peep/publish","7","200 OK"
"2023-05-15 11:43:18.876","POST","/any/peep/publish","14","200 OK"
"2023-05-15 11:43:19.16","GET","/any/peep/list","12","200 OK"
"2023-05-15 11:43:19.603","GET","/any/peep/list","9","200 OK"
"2023-05-15 11:43:20.766","GET","/any/peep/show","8","200 OK"
"2023-05-15 11:43:22.246","GET","/any/peep/list","12","200 OK"
"2023-05-15 11:43:23.049","GET","/any/peep/publish","6","200 OK"
"2023-05-15 11:43:24.264","POST","/any/peep/publish","17","200 OK"
"2023-05-15 11:43:24.533","GET","/any/peep/list","9","200 OK"
"2023-05-15 11:43:25.486","GET","/any/peep/list","15","200 OK"
"2023-05-15 11:43:26.652","GET","/any/peep/show","8","200 OK"
"2023-05-15 11:43:28.245","GET","/any/peep/list","11","200 OK"
"2023-05-15 11:43:29.031","GET","/any/peep/publish","7","200 OK"
"2023-05-15 11:43:30.277","POST","/any/peep/publish","13","200 OK"
"2023-05-15 11:43:30.548","GET","/any/peep/list","13","200 OK"
"2023-05-15 11:43:31.495","GET","/any/peep/list","15","200 OK"
"2023-05-15 11:43:33.073","GET","/any/peep/show","7","200 OK"
"2023-05-15 11:43:34.559","GET","/any/peep/list","13","200 OK"
"2023-05-15 11:43:35.748","GET","/any/peep/publish","11","200 OK"
"2023-05-15 11:43:37.011","POST","/any/peep/publish","13","200 OK"
"2023-05-15 11:43:37.294","GET","/any/peep/list","17","200 OK"
"2023-05-15 11:43:38.227","GET","/any/peep/list","14","200 OK"
"2023-05-15 11:43:39.408","GET","/any/peep/show","11","200 OK"
"2023-05-15 11:43:40.894","GET","/any/peep/list","14","200 OK"
"2023-05-15 11:43:42.084","GET","/any/peep/publish","7","200 OK"
"2023-05-15 11:43:43.342","POST","/any/peep/publish","28","200 OK"
"2023-05-15 11:43:43.615","GET","/any/peep/list","11","200 OK"
"2023-05-15 11:43:44.11","GET","/any/peep/list","17","200 OK"
"2023-05-15 11:43:45.283","GET","/any/peep/show","9","200 OK"
"2023-05-15 11:43:46.758","GET","/any/peep/list","12","200 OK"
"2023-05-15 11:43:47.974","GET","/any/peep/publish","9","200 OK"
"2023-05-15 11:43:49.224","POST","/any/peep/publish","26","200 OK"
"2023-05-15 11:43:49.507","GET","/any/peep/list","14","200 OK"
"2023-05-15 11:43:49.979","GET","/any/peep/list","9","200 OK"
"2023-05-15 11:43:51.151","GET","/any/peep/show","5","200 OK"
"2023-05-15 11:43:52.676","GET","/any/peep/list","14","200 OK"
"2023-05-15 11:43:53.919","GET","/any/peep/publish","9","200 OK"
"2023-05-15 11:43:55.18","POST","/any/peep/publish","13","200 OK"
"2023-05-15 11:43:55.446","GET","/any/peep/list","10","200 OK"
"2023-05-15 11:43:55.938","GET","/any/peep/list","8","200 OK"
"2023-05-15 11:43:57.107","GET","/any/peep/show","7","200 OK"
"2023-05-15 11:43:58.658","GET","/any/peep/list","12","200 OK"
"2023-05-15 11:43:59.84","GET","/any/peep/publish","9","200 OK"
"2023-05-15 11:44:01.159","POST","/any/peep/publish","83","200 OK"
"2023-05-15 11:44:01.755","GET","/any/peep/list","12","200 OK"
"2023-05-15 11:44:03.319","GET","/any/peep/show","6","200 OK"
"2023-05-15 11:44:04.52","GET","/any/peep/list","13","200 OK"
"2023-05-15 11:44:05.717","GET","/any/peep/publish","7","200 OK"
"2023-05-15 11:44:07.134","POST","/any/peep/publish","11","200 OK"
"2023-05-15 11:44:07.828","GET","/any/peep/list","16","200 OK"
"2023-05-15 11:44:09.399","GET","/any/peep/show","9","200 OK"
"2023-05-15 11:44:10.558","GET","/any/peep/list","14","200 OK"
"2023-05-15 11:44:11.789","GET","/any/peep/publish","9","200 OK"
"2023-05-15 11:44:13.177","POST","/any/peep/publish","13","200 OK"
"2023-05-15 11:44:13.846","GET","/any/peep/list","12","200 OK"
"2023-05-15 11:44:15.492","GET","/any/peep/show","8","200 OK"
"2023-05-15 11:44:16.64","GET","/any/peep/list","14","200 OK"
"2023-05-15 11:44:17.849","GET","/any/peep/publish","8","200 OK"
"2023-05-15 11:44:19.096","POST","/any/peep/publish","13","200 OK"
"2023-05-15 11:44:19.766","GET","/any/peep/list","12","200 OK"
"2023-05-15 11:44:21.342","GET","/any/peep/show","8","200 OK"
"2023-05-15 11:44:23.874","GET","/any/peep/list","15","200 OK"
"2023-05-15 11:44:25.073","GET","/any/peep/publish","6","200 OK"
"2023-05-15 11:44:26.259","POST","/any/peep/publish","12","200 OK"
"2023-05-15 11:44:26.93","GET","/any/peep/list","17","200 OK"
"2023-05-15 11:44:28.584","GET","/any/peep/show","6","200 OK"
"2023-05-15 11:44:30.525","GET","/any/peep/list","11","200 OK"
"2023-05-15 11:44:31.726","GET","/any/peep/publish","2","200 OK"
"2023-05-15 11:44:32.988","POST","/any/peep/publish","11","200 OK"
"2023-05-15 11:44:33.668","GET","/any/peep/list","12","200 OK"
"2023-05-15 11:44:35.238","GET","/any/peep/show","8","200 OK"
"2023-05-15 11:44:36.444","GET","/any/peep/list","12","200 OK"
"2023-05-15 11:44:37.644","GET","/any/peep/publish","9","200 OK"
"2023-05-15 11:44:38.847","POST","/any/peep/publish","10","200 OK"
"2023-05-15 11:44:39.523","GET","/any/peep/list","12","200 OK"
"2023-05-15 11:44:40.7","GET","/any/peep/show","9","200 OK"
"2023-05-15 11:44:44.604","GET","/any/peep/list","10","200 OK"
"2023-05-15 11:44:45.817","GET","/any/peep/publish","3","200 OK"
"2023-05-15 11:44:46.894","POST","/any/peep/publish","13","200 OK"
"2023-05-15 11:44:47.189","GET","/any/peep/list","8","200 OK"
"2023-05-15 11:44:47.638","GET","/any/peep/list","13","200 OK"
"2023-05-15 11:44:49.215","GET","/any/peep/show","4","200 OK"
"2023-05-15 11:44:52.776","GET","/any/peep/list","12","200 OK"
"2023-05-15 11:44:54.013","GET","/any/peep/publish","5","200 OK"
"2023-05-15 11:44:55.247","POST","/any/peep/publish","28","200 OK"
"2023-05-15 11:44:55.56","GET","/any/peep/list","8","200 OK"
"2023-05-15 11:44:55.944","GET","/any/peep/list","11","200 OK"
"2023-05-15 11:44:57.512","GET","/any/peep/show","5","200 OK"
"2023-05-15 11:45:03.094","GET","/any/peep/list","14","200 OK"
"2023-05-15 11:45:04.301","GET","/any/peep/publish","6","200 OK"
"2023-05-15 11:45:05.543","POST","/any/peep/publish","29","200 OK"
"2023-05-15 11:45:05.846","GET","/any/peep/list","15","200 OK"
"2023-05-15 11:45:06.19","GET","/any/peep/list","9","200 OK"
"2023-05-15 11:45:07.788","GET","/any/peep/show","3","200 OK"
"2023-05-15 11:45:12.13","GET","/any/peep/list","8","200 OK"
"2023-05-15 11:45:13.313","GET","/any/peep/publish","3","200 OK"
"2023-05-15 11:45:14.533","POST","/any/peep/publish","31","200 OK"
"2023-05-15 11:45:14.816","GET","/any/peep/list","8","200 OK"
"2023-05-15 11:45:15.249","GET","/any/peep/list","9","200 OK"
"2023-05-15 11:45:16.848","GET","/any/peep/show","3","200 OK"
"2023-05-15 11:45:21.164","GET","/any/peep/list","6","200 OK"
"2023-05-15 11:45:22.369","GET","/any/peep/publish","1","200 OK"
"2023-05-15 11:45:23.618","POST","/any/peep/publish","28","200 OK"
"2023-05-15 11:45:23.902","GET","/any/peep/list","9","200 OK"
"2023-05-15 11:45:24.385","GET","/any/peep/list","9","200 OK"
"2023-05-15 11:45:25.995","GET","/any/peep/show","3","200 OK"
"2023-05-15 11:45:31.157","GET","/any/peep/list","7","200 OK"
"2023-05-15 11:45:32.362","GET","/any/peep/publish","5","200 OK"
"2023-05-15 11:45:33.575","POST","/any/peep/publish","29","200 OK"
"2023-05-15 11:45:33.907","GET","/any/peep/list","11","200 OK"
"2023-05-15 11:45:34.38","GET","/any/peep/list","13","200 OK"
"2023-05-15 11:45:35.95","GET","/any/peep/show","4","200 OK"
"2023-05-15 11:45:40.202","GET","/any/peep/list","11","200 OK"
"2023-05-15 11:45:41.419","GET","/any/peep/publish","4","200 OK"
"2023-05-15 11:45:42.689","POST","/any/peep/publish","27","200 OK"
"2023-05-15 11:45:43.054","GET","/any/peep/list","11","200 OK"
"2023-05-15 11:45:43.86","GET","/any/peep/list","11","200 OK"
"2023-05-15 11:45:45.072","GET","/any/peep/publish","8","200 OK"
"2023-05-15 11:45:46.245","POST","/any/peep/publish","7","200 OK"
"2023-05-15 11:45:47.316","GET","/any/peep/list","10","200 OK"
"2023-05-15 11:45:48.543","GET","/any/peep/publish","7","200 OK"
"2023-05-15 11:45:49.758","POST","/any/peep/publish","14","200 OK"
"2023-05-15 11:45:52.075","GET","/any/peep/list","14","200 OK"
"2023-05-15 11:45:53.282","GET","/any/peep/publish","11","200 OK"
"2023-05-15 11:45:54.458","POST","/any/peep/publish","9","200 OK"
"2023-05-15 11:45:55.494","GET","/any/peep/list","10","200 OK"
"2023-05-15 11:45:56.751","GET","/any/peep/publish","7","200 OK"
"2023-05-15 11:45:58.024","POST","/any/peep/publish","11","200 OK"
"2023-05-15 11:45:59.029","GET","/any/peep/list","12","200 OK"
"2023-05-15 11:46:00.245","GET","/any/peep/publish","6","200 OK"
"2023-05-15 11:46:01.457","POST","/any/peep/publish","9","200 OK"
"2023-05-15 11:46:02.539","GET","/any/peep/list","13","200 OK"
"2023-05-15 11:46:03.727","GET","/any/peep/publish","3","200 OK"
"2023-05-15 11:46:04.975","POST","/any/peep/publish","12","200 OK"
"2023-05-15 11:46:06.028","GET","/any/peep/list","12","200 OK"
"2023-05-15 11:46:07.226","GET","/any/peep/publish","6","200 OK"
"2023-05-15 11:46:08.411","POST","/any/peep/publish","13","200 OK"
"2023-05-15 11:46:09.455","GET","/any/peep/list","15","200 OK"
"2023-05-15 11:46:10.68","GET","/any/peep/publish","6","200 OK"
"2023-05-15 11:46:11.902","POST","/any/peep/publish","18","200 OK"
"2023-05-15 11:46:12.968","GET","/any/peep/list","13","200 OK"
"2023-05-15 11:46:14.183","GET","/any/peep/publish","7","200 OK"
"2023-05-15 11:46:15.411","POST","/any/peep/publish","10","200 OK"
"2023-05-15 11:46:16.412","GET","/any/peep/list","12","200 OK"
"2023-05-15 11:46:17.616","GET","/any/peep/publish","6","200 OK"
"2023-05-15 11:46:18.953","POST","/any/peep/publish","9","200 OK"
"2023-05-15 11:46:20.006","GET","/any/peep/list","12","200 OK"
"2023-05-15 11:46:21.234","GET","/any/peep/publish","7","200 OK"
"2023-05-15 11:46:22.711","POST","/any/peep/publish","14","200 OK"
"2023-05-15 11:46:26.612","GET","/any/peep/list","8","200 OK"
"2023-05-15 11:46:30.368","GET","/any/peep/list","10","200 OK"
"2023-05-15 11:46:32.933","GET","/any/peep/list","9","200 OK"
"2023-05-15 11:46:35.468","GET","/any/peep/list","10","200 OK"
"2023-05-15 11:46:37.998","GET","/any/peep/list","10","200 OK"
"2023-05-15 11:46:40.532","GET","/any/peep/list","9","200 OK"
"2023-05-15 11:46:42.999","GET","/any/peep/list","10","200 OK"
"2023-05-15 11:46:45.666","GET","/any/peep/list","14","200 OK"
"2023-05-15 11:46:48.173","GET","/any/peep/list","12","200 OK"
"2023-05-15 11:46:50.717","GET","/any/peep/list","7","200 OK"
"2023-05-15 11:46:53.264","GET","/any/peep/list","11","200 OK"
"2023-05-15 11:46:55.808","GET","/any/peep/list","13","200 OK"
"2023-05-15 11:46:58.401","GET","/any/peep/list","11","200 OK"
"2023-05-15 11:47:00.952","GET","/any/peep/list","12","200 OK"
"2023-05-15 11:47:03.493","GET","/any/peep/list","9","200 OK"
"2023-05-15 11:47:06.088","GET","/any/peep/list","14","200 OK"
"2023-05-15 11:47:08.653","GET","/any/peep/list","9","200 OK"
"2023-05-15 11:47:11.239","GET","/any/peep/list","13","200 OK"
"2023-05-15 11:47:13.758","GET","/any/peep/list","12","200 OK"
"2023-05-15 11:47:16.321","GET","/any/peep/list","11","200 OK"
"2023-05-15 11:47:22.303","GET","/any/peep/list","7","200 OK"
"2023-05-15 11:47:28.215","GET","/any/peep/list","5","200 OK"
"2023-05-15 11:47:33.554","GET","/any/peep/list","10","200 OK"
"2023-05-15 11:47:39.456","GET","/any/peep/list","12","200 OK"
"2023-05-15 11:47:43.611","GET","/any/peep/list","8","200 OK"
"2023-05-15 11:47:44.699","GET","/any/peep/show","9","200 OK"
"2023-05-15 11:47:46.259","GET","/any/peep/list","12","200 OK"
"2023-05-15 11:47:47.371","GET","/any/peep/show","8","200 OK"
"2023-05-15 11:47:48.964","GET","/any/peep/list","10","200 OK"
"2023-05-15 11:47:50.023","GET","/any/peep/show","13","200 OK"
"2023-05-15 11:47:51.54","GET","/any/peep/list","12","200 OK"
"2023-05-15 11:47:52.734","GET","/any/peep/show","7","200 OK"
"2023-05-15 11:47:54.196","GET","/any/peep/list","9","200 OK"
"2023-05-15 11:47:55.331","GET","/any/peep/show","7","200 OK"
"2023-05-15 11:47:56.851","GET","/any/peep/list","9","200 OK"
"2023-05-15 11:47:57.979","GET","/any/peep/show","7","200 OK"
"2023-05-15 11:47:59.484","GET","/any/peep/list","10","200 OK"
"2023-05-15 11:48:00.604","GET","/any/peep/show","8","200 OK"
"2023-05-15 11:48:02.187","GET","/any/peep/list","11","200 OK"
"2023-05-15 11:48:03.315","GET","/any/peep/show","7","200 OK"
"2023-05-15 11:48:04.759","GET","/any/peep/list","5","200 OK"
"2023-05-15 11:48:05.844","GET","/any/peep/show","7","200 OK"
"2023-05-15 11:48:07.307","GET","/any/peep/list","8","200 OK"
"2023-05-15 11:48:08.427","GET","/any/peep/show","4","200 OK"
"2023-05-15 11:48:11.149","GET","/any/peep/list","8","200 OK"
"2023-05-15 11:48:12.277","GET","/any/peep/show","5","200 OK"
"2023-05-15 11:48:13.773","GET","/any/peep/list","13","200 OK"
"2023-05-15 11:48:14.848","GET","/any/peep/show","4","200 OK"
"2023-05-15 11:48:16.363","GET","/any/peep/list","10","200 OK"
"2023-05-15 11:48:17.476","GET","/any/peep/show","6","200 OK"
"2023-05-15 11:48:19.718","GET","/any/peep/list","11","200 OK"
"2023-05-15 11:48:20.9","GET","/any/peep/show","6","200 OK"
"2023-05-15 11:48:23.657","GET","/any/peep/list","18","200 OK"
"2023-05-15 11:48:24.787","GET","/any/peep/show","7","200 OK"
"2023-05-15 11:48:26.252","GET","/any/peep/list","11","200 OK"
"2023-05-15 11:48:27.425","GET","/any/peep/show","7","200 OK"
"2023-05-15 11:48:28.884","GET","/any/peep/list","9","200 OK"
"2023-05-15 11:48:29.948","GET","/any/peep/show","9","200 OK"
"2023-05-15 11:48:31.494","GET","/any/peep/list","11","200 OK"
"2023-05-15 11:48:32.577","GET","/any/peep/show","7","200 OK"
"2023-05-15 11:48:34.098","GET","/any/peep/list","7","200 OK"
"2023-05-15 11:48:35.2","GET","/any/peep/show","7","200 OK"
"2023-05-15 11:48:36.733","GET","/any/peep/list","8","200 OK"
"2023-05-15 11:48:37.877","GET","/any/peep/show","4","200 OK"
